Date,Gender,Region,Device Category,Age,Users,Transactions
20220507,male,New York,desktop,25-34,287,0
20220506,male,New York,desktop,25-34,250,4
20220927,male,California,desktop,25-34,234,265
20220926,male,California,desktop,25-34,204,163
20221207,male,California,desktop,25-34,144,64
20220507,male,New York,desktop,18-24,136,8
20221012,male,California,desktop,25-34,136,79
20210719,male,California,desktop,25-34,132,95
20220927,female,California,desktop,25-34,129,113
20220927,male,California,desktop,18-24,129,76
20221128,female,California,desktop,25-34,129,87
20221128,male,California,desktop,25-34,129,79
20220507,female,New York,desktop,18-24,125,0
20220507,female,New York,desktop,25-34,125,0
20210719,female,California,desktop,25-34,121,42
20220926,female,California,desktop,25-34,117,95
20210720,male,California,desktop,25-34,113,45
20220506,male,New York,desktop,18-24,113,0
20220926,male,California,desktop,35-44,113,34
20220927,male,California,desktop,35-44,113,91
20210722,male,California,desktop,25-34,110,60
20220324,male,California,desktop,25-34,110,23
20220506,male,New York,desktop,35-44,110,0
20220512,male,New York,desktop,25-34,110,0
20220927,female,California,desktop,18-24,110,140
20220514,male,New York,desktop,25-34,106,0
20221101,female,California,desktop,25-34,102,72
20221103,female,California,desktop,25-34,102,45
20220507,male,New York,desktop,35-44,98,0
20221104,male,California,desktop,25-34,98,42
20210721,male,California,desktop,35-44,95,57
20220506,female,New York,desktop,18-24,95,0
20221012,male,California,desktop,35-44,95,42
20221101,male,California,desktop,25-34,95,64
20220926,male,California,desktop,18-24,91,68
20221103,male,California,desktop,25-34,91,60
20221118,male,California,desktop,25-34,91,26
20210719,female,California,desktop,18-24,87,26
20210719,male,California,desktop,45-54,87,19
20210722,female,California,desktop,25-34,87,26
20210726,male,California,desktop,25-34,87,26
20211026,male,California,desktop,25-34,87,34
20221104,female,California,desktop,25-34,87,38
20221116,female,California,desktop,25-34,87,42
20221207,male,California,desktop,18-24,87,26
20211005,female,California,desktop,25-34,83,38
20211104,female,California,desktop,25-34,83,30
20220512,male,New York,desktop,18-24,83,0
20220613,female,California,desktop,25-34,83,42
20221117,male,California,desktop,25-34,83,19
20220729,male,California,desktop,18-24,79,53
20220804,male,California,desktop,25-34,79,11
20220805,male,California,desktop,25-34,79,49
20220808,male,California,desktop,25-34,79,45
20220809,male,California,desktop,25-34,79,38
20220818,male,California,desktop,25-34,79,23
20220927,male,California,desktop,45-54,79,60
20221128,male,California,desktop,18-24,79,23
20221128,male,California,desktop,35-44,79,49
20210720,female,California,desktop,25-34,76,30
20210721,male,California,desktop,25-34,76,4
20210825,male,California,desktop,25-34,76,30
20211109,male,California,desktop,25-34,76,19
20220324,female,California,desktop,25-34,76,45
20220514,female,New York,desktop,18-24,76,0
20220810,male,California,desktop,25-34,76,38
20220926,female,California,desktop,18-24,76,68
20221003,male,California,desktop,25-34,76,23
20221108,male,California,desktop,25-34,76,4
20221201,male,California,desktop,25-34,76,11
20221206,male,Ontario,desktop,18-24,76,129
20221207,male,California,desktop,35-44,76,4
20221208,male,California,desktop,25-34,76,72
20221214,male,California,desktop,25-34,76,8
20211103,female,California,desktop,25-34,72,38
20211208,male,California,desktop,25-34,72,53
20220324,male,California,desktop,35-44,72,57
20220514,male,New York,desktop,18-24,72,0
20220515,male,New York,desktop,25-34,72,11
20220607,male,California,desktop,25-34,72,8
20220719,male,California,desktop,25-34,72,19
20220727,male,California,desktop,25-34,72,26
20220728,male,California,desktop,25-34,72,26
20220829,male,California,desktop,25-34,72,57
20220906,male,California,desktop,25-34,72,4
20220915,male,California,desktop,25-34,72,19
20220926,male,California,desktop,45-54,72,64
20220927,male,England,desktop,25-34,72,38
20221104,male,California,desktop,35-44,72,34
20221108,male,California,desktop,35-44,72,15
20221116,male,California,desktop,25-34,72,26
20221117,female,California,desktop,25-34,72,8
20221121,male,California,desktop,25-34,72,26
20221122,male,California,desktop,25-34,72,64
20221207,female,California,desktop,18-24,72,26
20221207,female,California,desktop,25-34,72,79
20210715,male,California,desktop,25-34,68,23
20211006,male,California,desktop,25-34,68,87
20211209,female,California,desktop,25-34,68,38
20211209,male,California,desktop,25-34,68,79
20220405,female,California,desktop,25-34,68,42
20220502,male,California,desktop,25-34,68,42
20220511,female,New York,desktop,25-34,68,0
20220513,male,New York,desktop,25-34,68,0
20220801,male,California,desktop,18-24,68,34
20220901,male,California,desktop,25-34,68,19
20220908,male,California,desktop,25-34,68,53
20220926,female,California,desktop,35-44,68,45
20220928,male,California,desktop,25-34,68,42
20221101,male,California,desktop,35-44,68,15
20221107,male,California,desktop,35-44,68,45
20221128,female,California,desktop,35-44,68,19
20221206,male,Ontario,desktop,25-34,68,68
20221206,male,California,desktop,25-34,68,11
20221207,male,California,mobile,25-34,68,68
20221208,female,California,desktop,18-24,68,49
20221209,male,California,desktop,25-34,68,38
20221212,male,California,desktop,25-34,68,64
20210719,male,California,desktop,35-44,64,23
20211012,male,California,desktop,25-34,64,42
20211018,male,California,desktop,25-34,64,57
20211020,male,California,desktop,25-34,64,34
20211108,male,California,desktop,25-34,64,23
20211210,female,California,desktop,25-34,64,23
20211213,male,California,desktop,25-34,64,34
20211222,male,California,desktop,25-34,64,87
20220217,male,California,desktop,25-34,64,49
20220324,female,California,desktop,18-24,64,15
20220426,male,California,desktop,25-34,64,30
20220506,female,New York,desktop,25-34,64,0
20220507,male,New York,desktop,25-34,64,0
20220511,female,New York,desktop,18-24,64,4
20220511,male,New York,desktop,25-34,64,4
20220512,female,New York,desktop,25-34,64,0
20220525,male,California,desktop,25-34,64,26
20220526,male,California,desktop,25-34,64,30
20220609,male,California,desktop,18-24,64,53
20220708,male,California,desktop,25-34,64,49
20220726,male,California,desktop,25-34,64,23
20220801,male,California,desktop,25-34,64,68
20220808,male,California,desktop,18-24,64,38
20220825,male,California,desktop,25-34,64,19
20220920,male,California,desktop,25-34,64,19
20220927,female,California,desktop,35-44,64,57
20220927,male,New York,desktop,25-34,64,79
20221007,female,California,desktop,25-34,64,30
20221031,male,California,desktop,25-34,64,11
20221101,male,California,desktop,18-24,64,30
20221102,male,California,desktop,25-34,64,64
20221103,male,California,desktop,35-44,64,45
20221104,male,California,desktop,18-24,64,30
20221109,male,California,desktop,25-34,64,11
20221116,female,California,desktop,18-24,64,34
20221205,male,California,desktop,25-34,64,42
20221214,female,California,desktop,18-24,64,38
20210601,male,Washington,desktop,25-34,60,140
20210715,female,California,desktop,25-34,60,30
20210726,male,California,desktop,35-44,60,42
20211011,male,California,desktop,35-44,60,4
20211019,male,California,desktop,25-34,60,57
20211025,female,California,desktop,25-34,60,38
20211104,male,California,desktop,25-34,60,30
20211109,female,California,desktop,25-34,60,53
20220310,male,California,desktop,25-34,60,49
20220408,male,California,desktop,25-34,60,53
20220419,male,California,desktop,18-24,60,23
20220513,female,New York,desktop,18-24,60,0
20220524,male,California,desktop,25-34,60,15
20220602,male,California,desktop,25-34,60,19
20220613,male,California,desktop,25-34,60,49
20220630,male,California,desktop,25-34,60,0
20220712,male,California,desktop,25-34,60,30
20220719,male,California,desktop,18-24,60,8
20220722,male,California,desktop,25-34,60,42
20220802,female,California,desktop,25-34,60,38
20220809,male,California,desktop,18-24,60,30
20220824,male,California,desktop,25-34,60,8
20220830,male,California,desktop,35-44,60,30
20221017,male,California,desktop,25-34,60,45
20221108,female,California,desktop,18-24,60,15
20221108,male,California,desktop,18-24,60,19
20221110,female,California,desktop,25-34,60,72
20221114,male,California,desktop,35-44,60,68
20221115,female,California,desktop,25-34,60,34
20221130,male,California,desktop,25-34,60,53
20210629,female,California,desktop,25-34,57,49
20210708,male,California,desktop,25-34,57,38
20210716,female,California,desktop,25-34,57,42
20210722,male,California,desktop,35-44,57,34
20210727,female,California,desktop,25-34,57,38
20210729,male,California,desktop,25-34,57,23
20210802,male,California,desktop,25-34,57,8
20210804,male,California,desktop,25-34,57,23
20210819,male,California,desktop,25-34,57,11
20211129,male,California,desktop,25-34,57,49
20211201,male,California,desktop,25-34,57,30
20211206,male,California,desktop,25-34,57,34
20211216,female,California,desktop,25-34,57,11
20220309,male,California,desktop,25-34,57,38
20220321,male,California,desktop,25-34,57,30
20220325,female,California,desktop,25-34,57,30
20220406,male,California,desktop,25-34,57,34
20220411,male,California,desktop,35-44,57,15
20220414,male,California,desktop,25-34,57,15
20220420,female,California,desktop,25-34,57,72
20220425,male,California,desktop,25-34,57,42
20220507,male,New York,desktop,45-54,57,0
20220606,male,California,desktop,25-34,57,64
20220607,male,California,desktop,18-24,57,26
20220720,male,California,desktop,25-34,57,15
20220721,male,California,desktop,18-24,57,26
20220729,female,California,desktop,18-24,57,26
20220808,female,California,desktop,25-34,57,64
20220811,male,California,desktop,25-34,57,11
20220823,male,California,desktop,25-34,57,15
20220929,male,California,desktop,25-34,57,34
20221003,male,New York,desktop,25-34,57,15
20221006,male,California,desktop,25-34,57,19
20221011,male,California,desktop,25-34,57,34
20221013,male,California,desktop,35-44,57,30
20221021,male,California,desktop,25-34,57,4
20221111,male,California,desktop,25-34,57,42
20221117,male,California,desktop,18-24,57,30
20221128,male,California,desktop,45-54,57,19
20221206,female,California,desktop,25-34,57,38
20221212,male,California,desktop,18-24,57,19
20210201,male,California,desktop,25-34,53,26
20210521,male,California,desktop,25-34,53,11
20210712,female,California,desktop,25-34,53,57
20210719,female,California,desktop,35-44,53,15
20210719,male,California,desktop,18-24,53,8
20210720,female,California,desktop,18-24,53,19
20210720,male,California,desktop,35-44,53,11
20210721,female,California,desktop,25-34,53,23
20210914,female,California,desktop,18-24,53,26
20211011,male,California,desktop,25-34,53,64
20211025,male,California,desktop,25-34,53,11
20211026,female,California,desktop,25-34,53,11
20211027,male,California,desktop,25-34,53,8
20211203,male,California,desktop,18-24,53,23
20211206,female,California,desktop,18-24,53,64
20211206,male,California,desktop,18-24,53,23
20211206,male,California,desktop,35-44,53,53
20211207,male,California,desktop,25-34,53,53
20220201,male,California,desktop,25-34,53,11
20220207,male,California,desktop,25-34,53,30
20220222,male,California,desktop,25-34,53,26
20220324,male,California,desktop,18-24,53,57
20220411,male,California,desktop,25-34,53,15
20220414,male,California,desktop,35-44,53,34
20220419,female,California,desktop,25-34,53,26
20220506,male,New York,desktop,45-54,53,0
20220509,male,California,desktop,35-44,53,26
20220511,male,New York,desktop,35-44,53,11
20220511,male,California,desktop,25-34,53,15
20220512,male,California,desktop,25-34,53,38
20220513,male,New York,desktop,35-44,53,8
20220602,female,California,desktop,25-34,53,49
20220606,female,California,desktop,18-24,53,34
20220608,female,California,desktop,18-24,53,11
20220621,female,California,desktop,25-34,53,23
20220627,male,California,desktop,25-34,53,38
20220714,male,California,desktop,18-24,53,38
20220722,male,California,desktop,18-24,53,42
20220725,male,California,desktop,25-34,53,8
20220725,male,California,desktop,35-44,53,42
20220803,male,California,desktop,18-24,53,23
20220803,male,California,desktop,25-34,53,23
20220805,male,California,desktop,18-24,53,15
20220809,female,California,desktop,25-34,53,23
20220809,male,California,desktop,35-44,53,19
20220815,female,California,desktop,25-34,53,45
20220815,male,California,desktop,18-24,53,26
20220817,male,California,desktop,25-34,53,19
20220822,male,California,desktop,18-24,53,23
20220822,male,California,desktop,25-34,53,8
20220922,male,California,desktop,25-34,53,49
20220927,female,New York,desktop,25-34,53,64
20220928,male,California,desktop,18-24,53,34
20221012,female,California,desktop,25-34,53,4
20221014,male,California,desktop,35-44,53,23
20221019,male,California,desktop,18-24,53,34
20221019,male,California,desktop,25-34,53,23
20221024,male,California,desktop,25-34,53,15
20221025,male,California,desktop,25-34,53,42
20221107,female,California,desktop,25-34,53,26
20221109,female,California,desktop,25-34,53,30
20221109,male,California,desktop,35-44,53,11
20221114,male,California,desktop,25-34,53,38
20221129,male,California,desktop,35-44,53,15
20221213,female,California,desktop,18-24,53,26
20210331,male,California,desktop,18-24,49,23
20210628,female,California,desktop,25-34,49,26
20210629,male,California,desktop,35-44,49,64
20210630,male,California,desktop,25-34,49,38
20210720,male,California,desktop,18-24,49,30
20210721,female,California,desktop,18-24,49,8
20210726,female,California,desktop,25-34,49,30
20210802,female,California,desktop,25-34,49,60
20210804,male,California,desktop,35-44,49,45
20210806,male,California,desktop,25-34,49,76
20210819,male,Washington,desktop,25-34,49,57
20211007,male,California,desktop,25-34,49,11
20211019,female,California,desktop,25-34,49,23
20211028,male,California,desktop,25-34,49,15
20211108,male,California,desktop,35-44,49,57
20211109,male,California,desktop,35-44,49,38
20211117,female,California,desktop,25-34,49,4
20211118,male,California,desktop,25-34,49,23
20211201,female,California,desktop,25-34,49,4
20211203,female,California,desktop,25-34,49,15
20211208,female,California,desktop,25-34,49,26
20211208,male,California,desktop,35-44,49,53
20220107,female,California,desktop,25-34,49,4
20220126,male,California,desktop,25-34,49,34
20220127,male,California,desktop,25-34,49,26
20220307,male,California,desktop,35-44,49,15
20220308,male,California,desktop,25-34,49,23
20220314,male,California,desktop,18-24,49,26
20220404,female,California,desktop,25-34,49,11
20220412,male,California,desktop,25-34,49,8
20220503,male,California,desktop,25-34,49,11
20220506,female,New York,desktop,35-44,49,4
20220510,male,California,desktop,35-44,49,15
20220512,male,California,desktop,35-44,49,11
20220514,male,New York,desktop,35-44,49,0
20220516,male,California,desktop,25-34,49,30
20220519,male,California,desktop,25-34,49,8
20220527,male,California,desktop,25-34,49,23
20220531,male,California,desktop,25-34,49,4
20220601,male,California,desktop,25-34,49,34
20220621,male,California,desktop,18-24,49,30
20220622,male,California,desktop,25-34,49,8
20220627,female,California,desktop,18-24,49,4
20220706,male,California,desktop,25-34,49,45
20220707,male,California,desktop,18-24,49,26
20220719,female,California,desktop,25-34,49,15
20220728,male,California,desktop,18-24,49,45
20220729,male,California,desktop,25-34,49,19
20220802,male,California,desktop,25-34,49,4
20220812,male,California,desktop,18-24,49,57
20220815,male,California,desktop,25-34,49,26
20220816,male,California,desktop,25-34,49,15
20220818,female,California,desktop,18-24,49,11
20220818,male,California,desktop,18-24,49,38
20220831,male,California,desktop,25-34,49,26
20220907,male,California,desktop,25-34,49,26
20220912,female,California,desktop,25-34,49,15
20220912,male,California,desktop,25-34,49,8
20220919,male,California,desktop,25-34,49,30
20220921,male,California,desktop,25-34,49,4
20221006,male,California,desktop,35-44,49,0
20221012,male,California,desktop,18-24,49,42
20221013,male,California,desktop,25-34,49,26
20221019,male,California,desktop,35-44,49,19
20221020,male,California,desktop,25-34,49,4
20221020,male,California,desktop,35-44,49,15
20221101,female,California,desktop,18-24,49,11
20221101,male,California,desktop,45-54,49,38
20221102,female,California,desktop,25-34,49,11
20221104,female,California,desktop,18-24,49,26
20221107,male,California,desktop,25-34,49,11
20221116,male,California,desktop,35-44,49,34
20221207,male,California,mobile,35-44,49,30
20221214,male,California,desktop,18-24,49,0
20221215,male,California,desktop,35-44,49,0
20221219,male,California,desktop,25-34,49,23
20210202,male,California,desktop,25-34,45,38
20210518,male,California,desktop,25-34,45,23
20210524,male,California,desktop,25-34,45,26
20210708,female,California,desktop,35-44,45,45
20210715,male,California,desktop,35-44,45,23
20210716,female,California,desktop,18-24,45,15
20210719,male,New York,desktop,25-34,45,8
20210722,female,California,desktop,18-24,45,11
20210727,male,California,desktop,25-34,45,11
20210830,male,California,desktop,25-34,45,26
20210901,female,California,desktop,18-24,45,19
20210902,male,California,desktop,25-34,45,8
20210907,female,California,desktop,25-34,45,38
20211005,male,California,desktop,25-34,45,23
20211008,male,California,desktop,25-34,45,26
20211013,male,California,desktop,25-34,45,19
20211021,male,California,desktop,25-34,45,4
20211026,male,California,desktop,35-44,45,0
20211028,female,California,desktop,18-24,45,30
20211103,male,California,desktop,35-44,45,26
20211105,male,California,desktop,25-34,45,23
20211111,male,California,desktop,25-34,45,57
20211111,male,California,desktop,35-44,45,45
20211115,male,California,desktop,35-44,45,19
20211117,male,California,desktop,35-44,45,26
20211119,female,California,desktop,25-34,45,11
20211119,male,California,desktop,25-34,45,23
20211122,male,California,desktop,35-44,45,19
20211129,female,California,desktop,18-24,45,19
20211129,female,California,desktop,25-34,45,8
20211130,female,California,desktop,25-34,45,34
20211202,male,California,desktop,25-34,45,34
20211203,male,England,desktop,18-24,45,0
20211213,female,California,desktop,18-24,45,30
20211213,male,California,desktop,18-24,45,30
20211214,male,California,desktop,25-34,45,30
20211214,male,California,desktop,35-44,45,4
20211216,male,California,desktop,25-34,45,15
20211216,male,California,desktop,35-44,45,23
20220113,male,California,desktop,25-34,45,19
20220125,male,California,desktop,35-44,45,30
20220215,male,California,desktop,25-34,45,38
20220224,female,California,desktop,18-24,45,15
20220228,male,California,desktop,25-34,45,11
20220330,male,California,desktop,25-34,45,8
20220331,female,California,desktop,25-34,45,26
20220404,male,California,desktop,25-34,45,19
20220407,male,California,desktop,18-24,45,49
20220414,female,California,desktop,25-34,45,19
20220418,male,California,desktop,35-44,45,8
20220419,male,California,desktop,25-34,45,19
20220421,male,California,desktop,25-34,45,26
20220504,male,California,desktop,25-34,45,23
20220506,male,New York,desktop,55-64,45,0
20220509,female,California,desktop,25-34,45,11
20220509,male,California,desktop,25-34,45,8
20220512,female,New York,desktop,18-24,45,0
20220514,female,New York,desktop,25-34,45,0
20220515,female,New York,desktop,25-34,45,0
20220515,male,New York,desktop,35-44,45,0
20220523,female,California,desktop,18-24,45,15
20220608,male,California,desktop,25-34,45,11
20220609,female,California,desktop,25-34,45,30
20220616,female,California,desktop,18-24,45,19
20220701,male,California,desktop,25-34,45,0
20220707,male,California,desktop,25-34,45,15
20220711,male,California,desktop,35-44,45,23
20220721,male,California,desktop,25-34,45,45
20220726,male,California,desktop,35-44,45,15
20220727,male,California,desktop,18-24,45,23
20220727,male,California,desktop,35-44,45,23
20220811,male,California,desktop,18-24,45,4
20220812,female,California,desktop,18-24,45,42
20220817,female,California,desktop,25-34,45,19
20220817,male,California,desktop,35-44,45,26
20220823,female,California,desktop,18-24,45,0
20220825,female,Victoria,desktop,18-24,45,0
20220826,female,California,desktop,25-34,45,15
20220829,female,California,desktop,25-34,45,0
20220923,male,California,desktop,35-44,45,30
20220928,female,California,desktop,35-44,45,76
20221003,male,California,desktop,18-24,45,11
20221012,female,California,desktop,18-24,45,8
20221013,male,New York,desktop,25-34,45,8
20221017,female,California,desktop,25-34,45,8
20221026,female,California,desktop,25-34,45,64
20221108,female,California,desktop,25-34,45,4
20221110,female,California,desktop,18-24,45,0
20221117,female,California,desktop,35-44,45,26
20221121,male,California,desktop,18-24,45,0
20221122,female,California,desktop,25-34,45,0
20221202,male,California,desktop,35-44,45,30
20221205,female,California,desktop,18-24,45,19
20221206,male,Ontario,desktop,35-44,45,26
20221208,female,California,desktop,25-34,45,26
20221212,female,California,desktop,25-34,45,34
20221219,male,California,desktop,35-44,45,30
20221220,female,California,desktop,25-34,45,15
20210127,male,California,desktop,25-34,42,4
20210225,male,California,desktop,25-34,42,60
20210329,female,California,desktop,25-34,42,15
20210331,female,California,desktop,25-34,42,60
20210413,female,California,desktop,25-34,42,34
20210430,female,California,desktop,25-34,42,19
20210603,female,California,desktop,25-34,42,60
20210617,male,California,desktop,25-34,42,19
20210629,female,California,desktop,18-24,42,38
20210715,female,California,desktop,18-24,42,49
20210715,male,California,desktop,18-24,42,19
20210726,female,California,desktop,18-24,42,19
20210726,male,California,desktop,18-24,42,30
20210805,female,California,desktop,25-34,42,11
20210805,male,California,desktop,18-24,42,8
20210809,male,California,desktop,25-34,42,26
20210819,male,Washington,desktop,35-44,42,57
20210825,female,California,desktop,25-34,42,4
20210901,female,California,desktop,25-34,42,15
20210914,male,California,desktop,25-34,42,34
20211004,male,California,desktop,25-34,42,38
20211006,female,California,desktop,25-34,42,11
20211006,male,California,desktop,18-24,42,11
20211008,female,California,desktop,25-34,42,15
20211012,female,California,desktop,25-34,42,23
20211019,male,Washington,desktop,25-34,42,72
20211020,female,California,desktop,25-34,42,53
20211024,male,California,desktop,25-34,42,15
20211027,female,California,desktop,25-34,42,26
20211027,male,California,desktop,35-44,42,26
20211101,male,California,desktop,25-34,42,30
20211103,male,California,desktop,18-24,42,15
20211103,male,California,desktop,25-34,42,0
20211109,female,California,desktop,18-24,42,23
20211115,female,California,desktop,35-44,42,26
20211118,female,California,desktop,18-24,42,45
20211122,male,California,desktop,25-34,42,23
20211123,male,California,desktop,25-34,42,26
20211130,male,California,desktop,35-44,42,38
20211202,male,California,desktop,18-24,42,26
20211203,male,England,mobile,18-24,42,0
20211213,female,California,desktop,25-34,42,19
20211220,female,California,desktop,25-34,42,0
20220119,male,California,desktop,25-34,42,42
20220121,female,California,desktop,25-34,42,19
20220124,male,California,desktop,25-34,42,15
20220208,male,California,desktop,25-34,42,30
20220209,female,California,desktop,25-34,42,23
20220223,male,California,desktop,18-24,42,26
20220302,female,California,desktop,18-24,42,19
20220315,male,California,desktop,18-24,42,15
20220316,male,California,desktop,18-24,42,26
20220317,male,California,desktop,18-24,42,57
20220406,male,England,desktop,18-24,42,8
20220412,male,California,desktop,35-44,42,15
20220413,male,California,desktop,18-24,42,19
20220418,male,California,desktop,25-34,42,30
20220422,male,California,desktop,25-34,42,15
20220425,male,California,desktop,35-44,42,15
20220502,male,California,desktop,35-44,42,8
20220505,male,California,desktop,18-24,42,26
20220507,male,New York,desktop,55-64,42,0
20220510,female,California,desktop,25-34,42,42
20220512,male,New York,desktop,35-44,42,0
20220513,female,California,desktop,25-34,42,15
20220516,female,California,desktop,25-34,42,45
20220516,male,California,desktop,18-24,42,0
20220517,male,California,desktop,25-34,42,19
20220523,male,California,desktop,25-34,42,26
20220531,female,California,desktop,25-34,42,38
20220609,male,California,desktop,25-34,42,0
20220614,female,California,desktop,25-34,42,15
20220615,female,California,desktop,18-24,42,19
20220615,male,California,desktop,25-34,42,15
20220616,male,California,desktop,18-24,42,26
20220616,male,California,desktop,35-44,42,19
20220617,female,California,desktop,25-34,42,15
20220621,male,California,desktop,25-34,42,11
20220622,female,California,desktop,25-34,42,8
20220627,female,California,desktop,25-34,42,23
20220706,female,California,desktop,18-24,42,15
20220711,female,California,desktop,18-24,42,34
20220711,male,California,desktop,18-24,42,4
20220711,male,California,desktop,25-34,42,26
20220715,male,California,desktop,25-34,42,38
20220720,female,California,desktop,18-24,42,26
20220727,male,California,desktop,45-54,42,11
20220801,female,California,desktop,25-34,42,26
20220804,male,California,desktop,18-24,42,8
20220818,male,California,desktop,35-44,42,23
20220822,female,California,desktop,18-24,42,42
20220823,male,California,desktop,35-44,42,15
20220824,female,California,desktop,18-24,42,23
20220826,male,California,desktop,18-24,42,49
20220826,male,California,desktop,35-44,42,11
20220909,male,California,desktop,25-34,42,26
20220913,female,California,desktop,25-34,42,34
20220913,male,California,desktop,35-44,42,30
20220919,female,California,desktop,25-34,42,0
20220926,male,Washington,desktop,18-24,42,34
20220926,male,Washington,desktop,35-44,42,42
20220928,female,California,desktop,25-34,42,4
20221004,female,California,desktop,25-34,42,19
20221005,female,California,desktop,35-44,42,4
20221005,male,California,desktop,18-24,42,19
20221012,male,California,desktop,45-54,42,19
20221018,male,California,desktop,25-34,42,4
20221020,female,California,desktop,18-24,42,15
20221025,female,California,desktop,18-24,42,26
20221027,male,California,desktop,25-34,42,15
20221102,male,California,desktop,35-44,42,19
20221103,female,California,desktop,18-24,42,8
20221108,female,California,desktop,35-44,42,26
20221109,male,California,desktop,18-24,42,8
20221110,male,California,desktop,18-24,42,8
20221110,male,California,desktop,25-34,42,30
20221110,male,California,desktop,35-44,42,4
20221114,female,California,desktop,25-34,42,15
20221115,male,California,desktop,25-34,42,19
20221121,female,California,desktop,18-24,42,23
20221201,male,California,desktop,35-44,42,30
20221207,female,California,desktop,35-44,42,23
20221207,male,California,desktop,45-54,42,30
20221208,male,California,desktop,35-44,42,0
20221212,female,California,desktop,18-24,42,19
20221213,female,California,desktop,25-34,42,34
20221214,female,California,desktop,25-34,42,34
20221215,female,California,desktop,25-34,42,30
20210205,male,California,desktop,25-34,38,15
20210218,male,California,desktop,25-34,38,15
20210310,male,Massachusetts,desktop,18-24,38,0
20210315,female,California,desktop,25-34,38,19
20210331,male,California,desktop,25-34,38,8
20210517,male,California,desktop,25-34,38,8
20210603,male,California,desktop,25-34,38,23
20210621,male,California,desktop,25-34,38,23
20210622,male,California,desktop,25-34,38,19
20210708,male,California,desktop,18-24,38,34
20210713,male,California,desktop,25-34,38,49
20210716,male,Washington,desktop,25-34,38,26
20210722,male,California,desktop,45-54,38,19
20210816,male,California,desktop,25-34,38,23
20210819,female,California,desktop,25-34,38,23
20210820,male,Washington,desktop,25-34,38,57
20210823,female,California,desktop,18-24,38,19
20210824,female,California,desktop,25-34,38,4
20210902,female,California,desktop,25-34,38,23
20210903,male,California,desktop,25-34,38,8
20211025,male,California,desktop,35-44,38,15
20211027,female,California,desktop,18-24,38,26
20211029,female,California,desktop,18-24,38,11
20211101,female,California,desktop,25-34,38,42
20211109,female,California,desktop,35-44,38,26
20211110,female,California,desktop,25-34,38,15
20211111,male,California,desktop,18-24,38,15
20211118,female,California,desktop,25-34,38,11
20211118,male,California,desktop,18-24,38,8
20211119,male,California,desktop,35-44,38,45
20211123,male,England,desktop,25-34,38,4
20211123,male,California,desktop,18-24,38,45
20211129,male,California,desktop,35-44,38,15
20211130,male,California,desktop,18-24,38,19
20211203,male,California,desktop,35-44,38,23
20211206,female,California,desktop,25-34,38,30
20211207,female,California,desktop,25-34,38,19
20211209,male,California,desktop,18-24,38,19
20211210,male,California,desktop,25-34,38,30
20211213,male,California,desktop,35-44,38,8
20211220,male,California,desktop,25-34,38,38
20220104,female,California,desktop,25-34,38,15
20220104,male,California,desktop,35-44,38,15
20220112,male,California,desktop,25-34,38,19
20220118,female,California,desktop,25-34,38,11
20220125,male,California,desktop,25-34,38,26
20220201,male,California,desktop,35-44,38,15
20220203,male,California,desktop,25-34,38,11
20220209,female,California,desktop,18-24,38,15
20220215,female,California,desktop,18-24,38,30
20220216,female,California,desktop,18-24,38,4
20220216,male,California,desktop,25-34,38,34
20220315,female,California,desktop,25-34,38,15
20220316,female,California,desktop,18-24,38,34
20220406,female,California,desktop,18-24,38,11
20220407,male,England,desktop,25-34,38,30
20220413,male,California,desktop,25-34,38,11
20220419,female,California,desktop,18-24,38,26
20220427,male,California,desktop,25-34,38,8
20220427,male,California,desktop,35-44,38,4
20220428,female,California,desktop,25-34,38,15
20220429,male,California,desktop,25-34,38,19
20220502,male,California,desktop,18-24,38,30
20220503,male,California,desktop,35-44,38,23
20220505,female,California,desktop,18-24,38,15
20220507,female,New York,desktop,35-44,38,0
20220509,female,California,desktop,18-24,38,4
20220510,male,California,desktop,25-34,38,30
20220511,male,New York,desktop,18-24,38,0
20220511,male,California,desktop,18-24,38,0
20220511,male,California,desktop,35-44,38,30
20220515,female,New York,desktop,18-24,38,0
20220518,female,California,desktop,25-34,38,38
20220524,male,California,desktop,18-24,38,8
20220524,male,California,desktop,35-44,38,15
20220525,female,California,desktop,25-34,38,19
20220525,male,California,desktop,18-24,38,19
20220525,male,California,desktop,35-44,38,8
20220526,female,California,desktop,18-24,38,15
20220601,female,California,desktop,18-24,38,0
20220601,female,California,desktop,25-34,38,19
20220603,female,California,desktop,25-34,38,60
20220606,male,California,desktop,18-24,38,11
20220609,female,California,desktop,18-24,38,4
20220614,male,California,desktop,18-24,38,8
20220614,male,California,desktop,25-34,38,15
20220615,male,California,desktop,18-24,38,49
20220617,female,California,desktop,18-24,38,26
20220622,male,California,desktop,18-24,38,23
20220623,male,California,desktop,25-34,38,15
20220624,male,California,desktop,25-34,38,19
20220627,male,California,desktop,18-24,38,26
20220629,male,California,desktop,18-24,38,11
20220713,male,California,desktop,35-44,38,8
20220718,female,California,desktop,35-44,38,30
20220722,male,California,desktop,45-54,38,15
20220725,male,California,desktop,18-24,38,30
20220726,female,California,desktop,18-24,38,19
20220727,female,California,desktop,25-34,38,15
20220729,female,California,desktop,25-34,38,19
20220729,male,California,desktop,35-44,38,26
20220801,male,California,desktop,35-44,38,8
20220806,male,California,desktop,18-24,38,38
20220809,male,California,desktop,45-54,38,26
20220810,female,California,desktop,18-24,38,11
20220810,female,California,desktop,25-34,38,4
20220810,male,California,desktop,35-44,38,53
20220811,female,California,desktop,18-24,38,8
20220812,male,California,desktop,35-44,38,15
20220818,female,California,desktop,25-34,38,8
20220822,male,California,desktop,35-44,38,4
20220830,male,California,desktop,25-34,38,11
20220914,male,California,desktop,35-44,38,0
20220921,male,California,desktop,18-24,38,15
20220927,female,England,desktop,25-34,38,4
20220927,female,Illinois,desktop,25-34,38,30
20220927,male,New York,desktop,18-24,38,42
20220927,male,Texas,desktop,25-34,38,53
20220928,male,California,desktop,35-44,38,19
20220929,female,California,desktop,35-44,38,19
20221003,female,California,desktop,18-24,38,34
20221003,female,California,desktop,25-34,38,38
20221010,male,California,desktop,25-34,38,8
20221020,male,California,desktop,18-24,38,23
20221025,female,California,desktop,25-34,38,8
20221101,female,California,desktop,35-44,38,19
20221101,male,New York,desktop,25-34,38,15
20221102,male,California,desktop,18-24,38,38
20221103,male,England,desktop,25-34,38,23
20221103,male,California,desktop,18-24,38,23
20221114,male,California,desktop,18-24,38,11
20221117,female,California,desktop,18-24,38,19
20221117,male,California,desktop,45-54,38,15
20221129,male,California,desktop,25-34,38,15
20221201,female,California,desktop,25-34,38,30
20221202,female,California,desktop,25-34,38,8
20221209,male,California,desktop,18-24,38,38
20221213,male,California,desktop,25-34,38,15
20221213,male,California,desktop,35-44,38,15